{
    "metadata":{
        "generator":"io_three",
        "normal":408,
        "version":3,
        "position":408,
        "type":"BufferGeometry"
    },
    "data":{
        "attributes":{
            "normal":{
                "array":[0.0979949,0,-0.995178,0.0979949,0,-0.995178,0.0979949,0,-0.995178,0.290262,0,-0.956938,0.290262,0,-0.956938,0.290262,0,-0.956938,0.471389,0,-0.881893,0.471389,0,-0.881893,0.471389,0,-0.881893,0.634358,0,-0.773003,0.634358,0,-0.773003,0.634358,0,-0.773003,0.773003,0,-0.634358,0.773003,0,-0.634358,0.773003,0,-0.634358,0.881893,0,-0.471389,0.881893,0,-0.471419,0.881893,0,-0.471419,0.956938,0,-0.290262,0.956938,0,-0.290262,0.956938,0,-0.290262,0.995178,0,-0.0979949,0.995178,0,-0.0979949,0.995178,0,-0.0979949,0.995178,0,0.0979949,0.995178,0,0.0979949,0.995178,0,0.0979949,0.956938,0,0.290262,0.956938,0,0.290262,0.956938,0,0.290262,0.881893,0,0.471389,0.881893,0,0.471389,0.881893,0,0.471389,0.773003,0,0.634388,0.773003,0,0.634358,0.773003,0,0.634358,0.634388,0,0.773003,0.634388,0,0.773003,0.634388,0,0.773003,0.471389,0,0.881893,0.471358,0,0.881924,0.471358,0,0.881924,0.290292,0,0.956908,0.290262,0,0.956938,0.290262,0,0.956938,0.0979644,0,0.995178,0.0979949,0,0.995178,0.0979949,0,0.995178,-0.0979949,0,0.995178,-0.0979644,0,0.995178,-0.0979644,0,0.995178,-0.290262,0,0.956938,-0.290292,0,0.956908,-0.290292,0,0.956908,-0.471389,0,0.881893,-0.471389,0,0.881893,-0.471389,0,0.881893,-0.634358,0,0.773003,-0.634358,0,0.773003,-0.634358,0,0.773003,-0.773003,0,0.634388,-0.773003,0,0.634358,-0.773003,0,0.634358,-0.881893,0,0.471389,-0.881893,0,0.471389,-0.881893,0,0.471389,-0.956938,0,0.290262,-0.956938,0,0.290262,-0.956938,0,0.290262,-0.995178,0,0.0979949,-0.995178,0,0.0979949,-0.995178,0,0.0979949,-0.995178,0,-0.0979949,-0.995178,0,-0.0979949,-0.995178,0,-0.0979949,-0.956938,0,-0.290262,-0.956938,0,-0.290262,-0.956938,0,-0.290262,-0.881893,0,-0.471419,-0.881893,0,-0.471389,-0.881893,0,-0.471389,-0.773003,0,-0.634358,-0.773003,0,-0.634358,-0.773003,0,-0.634358,-0.634358,0,-0.773003,-0.634358,0,-0.773003,-0.634358,0,-0.773003,-0.471389,0,-0.881893,-0.471389,0,-0.881893,-0.471389,0,-0.881893,0,1,0,0,1,0,0,1,0,-0.290262,0,-0.956938,-0.290262,0,-0.956938,-0.290262,0,-0.956938,-0.0979949,0,-0.995178,-0.0979949,0,-0.995178,-0.0979949,0,-0.995178,0,-1,0,0,-1,0,0,-1,0,0.0979949,0,-0.995178,0.0979644,0,-0.995178,0.0979644,0,-0.995178,0.290262,0,-0.956938,0.290292,0,-0.956908,0.290292,0,-0.956908,0.471358,0,-0.881924,0.471389,0,-0.881893,0.471389,0,-0.881893,0.634388,0,-0.773003,0.634388,0,-0.773003,0.634388,0,-0.773003,0.773003,0,-0.634358,0.773003,0,-0.634358,0.773003,0,-0.634358,0.881893,0,-0.471389,0.881893,0,-0.471389,0.881893,0,-0.471389,0.956938,0,-0.290262,0.956938,0,-0.290262,0.956938,0,-0.290262,0.995178,0,-0.0979949,0.995178,0,-0.0979949,0.995178,0,-0.0979949,0.995178,0,0.0979949,0.995178,0,0.0979949,0.995178,0,0.0979949,0.956938,0,0.290262,0.956938,0,0.290262,0.956938,0,0.290262,0.881893,0,0.471419,0.881893,0,0.471389,0.881893,0,0.471389,0.773003,0,0.634358,0.773003,0,0.634358,0.773003,0,0.634358,0.634358,0,0.773003,0.634358,0,0.773003,0.634358,0,0.773003,0.471358,0,0.881924,0.471389,0,0.881893,0.471389,0,0.881893,0.290292,0,0.956908,0.290292,0,0.956908,0.290292,0,0.956908,0.0979949,0,0.995178,0.0979949,0,0.995178,0.0979949,0,0.995178,-0.0979949,0,0.995178,-0.0979949,0,0.995178,-0.0979949,0,0.995178,-0.290292,0,0.956908,-0.290292,0,0.956908,-0.290292,0,0.956908,-0.471389,0,0.881893,-0.471358,0,0.881924,-0.471358,0,0.881924,-0.634358,0,0.773003,-0.634358,0,0.773003,-0.634358,0,0.773003,-0.773003,0,0.634358,-0.773003,0,0.634358,-0.773003,0,0.634358,-0.881924,0,0.471358,-0.881893,0,0.471389,-0.881893,0,0.471389,-0.956938,0,0.290262,-0.956938,0,0.290262,-0.956938,0,0.290262,-0.995178,0,0.0979949,-0.995178,0,0.0979949,-0.995178,0,0.0979949,-0.995178,0,-0.0979949,-0.995178,0,-0.0979949,-0.995178,0,-0.0979949,-0.956938,0,-0.290262,-0.956938,0,-0.290262,-0.956938,0,-0.290262,-0.881893,0,-0.471389,-0.881893,0,-0.471389,-0.881893,0,-0.471389,-0.772973,0,-0.634388,-0.773003,0,-0.634358,-0.773003,0,-0.634358,-0.634388,0,-0.773003,-0.634388,0,-0.773003,-0.634388,0,-0.773003,-0.471389,0,-0.881893,-0.471419,0,-0.881893,-0.471419,0,-0.881893,0,0.999969,0,0,1,0,0,1,0,-0.290262,0,-0.956938,-0.290262,0,-0.956938,-0.290262,0,-0.956938,-0.0979644,0,-0.995178,-0.0979949,0,-0.995178,-0.0979949,0,-0.995178,0,-1,0,0,-1,0,0,-0.999969,0,0,-0.999969,0,0,-0.999969,0,0,-1,0,0,1,0,0,1,0,0,1,0,0.999969,0,0,0.999969,0,0,1,0,0,0,0,0.999969,0,0,0.999969,0,0,1,-1,0,0,-1,0,0,-1,0,0,0,0,-0.999969,0,0,-0.999969,0,0,-1,0.0979949,0,-0.995178,0.290262,0,-0.956938,0.471389,0,-0.881893,0.634358,0,-0.773003,0.773003,0,-0.634358,0.881893,0,-0.471389,0.956938,0,-0.290262,0.995178,0,-0.0979949,0.995178,0,0.0979949,0.956938,0,0.290262,0.881893,0,0.471389,0.773003,0,0.634388,0.634388,0,0.773003,0.471389,0,0.881893,0.290292,0,0.956908,0.0979644,0,0.995178,-0.0979949,0,0.995178,-0.290262,0,0.956938,-0.471389,0,0.881893,-0.634358,0,0.773003,-0.773003,0,0.634388,-0.881893,0,0.471389,-0.956938,0,0.290262,-0.995178,0,0.0979949,-0.995178,0,-0.0979949,-0.956938,0,-0.290262,-0.881893,0,-0.471419,-0.773003,0,-0.634358,-0.634358,0,-0.773003,-0.471389,0,-0.881893,0,1,0,0,1,0,0,1,0,0,1,0,0,0.999969,0,0,1,0,0,1,0,0,1,3.05185e-05,0,0.999969,0,0,1,0,0,1,0,0,1,3.05185e-05,0,1,0,0,1,0,0,1,0,0,0.999969,0,0,1,0,0,1,0,0,1,0,0,1,-6.1037e-05,0,1,0,0,1,0,0,1,0,0,1,0,0,0.999969,0,0,1,0,0,1,0,0,1,0,0,0.999969,6.1037e-05,-0.290262,0,-0.956938,-0.0979949,0,-0.995178,0,-1,0,0,-1,0,0,-1,3.05185e-05,0,-1,-6.1037e-05,0,-0.999969,0,0,-1,0,0,-1,0,0,-1,0,0,-1,0,0,-1,0,0,-1,0,0,-1,0,0,-1,0,0,-1,0,0,-1,3.05185e-05,0,-1,0,0,-1,3.05185e-05,0,-0.999969,-3.05185e-05,0,-1,6.1037e-05,0,-1,6.1037e-05,0,-1,0,0,-1,-3.05185e-05,0,-1,0,0,-1,0,0,-1,0,0,-0.999969,0,0,-0.999969,-6.1037e-05,0,-1,0,0,-0.999969,-6.1037e-05,0.0979949,0,-0.995178,0.290262,0,-0.956938,0.471358,0,-0.881924,0.634388,0,-0.773003,0.773003,0,-0.634358,0.881893,0,-0.471389,0.956938,0,-0.290262,0.995178,0,-0.0979949,0.995178,0,0.0979949,0.956938,0,0.290262,0.881893,0,0.471419,0.773003,0,0.634358,0.634358,0,0.773003,0.471358,0,0.881924,0.290292,0,0.956908,0.0979949,0,0.995178,-0.0979949,0,0.995178,-0.290292,0,0.956908,-0.471389,0,0.881893,-0.634358,0,0.773003,-0.773003,0,0.634358,-0.881924,0,0.471358,-0.956938,0,0.290262,-0.995178,0,0.0979949,-0.995178,0,-0.0979949,-0.956938,0,-0.290262,-0.881893,0,-0.471389,-0.772973,0,-0.634388,-0.634388,0,-0.773003,-0.471389,0,-0.881893,0,0.999969,0,0,1,0,0,1,0,0,1,0,0,0.999969,0,0,1,0,0,1,-3.05185e-05,0,1,0,0,1,0,0,1,0,0,0.999969,0,0,1,0,0,1,0,0,1,-3.05185e-05,0,1,6.1037e-05,0,1,0,0,1,0,0,1,0,0,0.999969,0,0,1,6.1037e-05,0,1,0,0,1,0,0,0.999969,0,0,0.999969,0,0,1,0,0,1,3.05185e-05,0,1,0,0,0.999969,0,0,1,-6.1037e-05,-0.290262,0,-0.956938,-0.0979644,0,-0.995178,0,-1,0,0,-1,3.05185e-05,0,-1,0,0,-1,-3.05185e-05,0,-1,0,0,-1,-6.1037e-05,0,-1,0,0,-1,0,0,-1,0,0,-1,0,0,-1,0,0,-1,0,0,-0.999969,6.1037e-05,0,-1,-6.1037e-05,0,-1,3.05185e-05,0,-0.999969,0,0,-1,0,0,-1,0,0,-1,0,0,-1,-6.1037e-05,0,-1,0,0,-1,3.05185e-05,0,-1,0,0,-1,0,0,-1,0,0,-1,0,0,-1,6.1037e-05,0,-1,0,0,-0.999969,-6.1037e-05,0,-1,0,0,1,0,1,0,0,0,0,1,-0.999969,0,0,0,0,-1],
                "itemSize":3,
                "type":"Float32Array"
            },