{
    "metadata":{
        "generator":"io_three",
        "normal":12,
        "version":3,
        "position":12,
        "type":"BufferGeometry"
    },
    "data":{
        "attributes":{
            "normal":{
                "array":[0,-2.05091e-07,1,0,-2.05091e-07,1,0,-2.05091e-07,1,0,-2.05091e-07,1,0,-2.05091e-07,1,0,-2.05091e-07,1,-0.939693,0.34202,2.72478e-08,-0.939693,0.34202,2.72478e-08,-0.939693,0.34202,2.72478e-08,-0.939693,0.34202,4.65965e-08,-0.939693,0.34202,4.65965e-08,-0.939693,0.34202,4.65965e-08],
                "itemSize":3,
                "type":"Float32Array"
            },
            "position":{
                "array":[-9.7452,-2.85471,-8.44394,-6.2852,-2.85471,-8.44394,-6.2852,6.44529,-8.44394,-9.70305,-2.85471,5.50962,-6.24305,-2.85471,5.50962,-6.24305,6.44529,5.50962,-9.7211,-2.97866,5.54046,-6.3009,6.41826,-8.45954,-9.7211,-2.97866,-8.45954,-9.7211,-2.97866,5.54046,-6.3009,6.41826,5.54046,-6.3009,6.41826,-8.45954],
                "itemSize":3,
                "type":"Float32Array"
            }
        },
        "groups":[{
            "count":12,
            "materialIndex":0,
            "start":0
        }],
        "index":{
            "array":[0,1,2,3,4,5,6,7,8,9,10,11],
            "itemSize":1,
            "type":"Uint16Array"
        }
    }
}